,Unnamed: 0,Unnamed: 0.1,Unnamed: 0.1.1,Unnamed: 0.1.1.1,ww,cps,apcorr,drzblot_apcorr,sensitivity,wwperpix,flam,dateobs,flam_smooth
0,0,0,0,0,6987.681928374022,-0.05811286861656561,0.9147466153697644,0.9410582449045034,1.0,24.01030170518425,-0.0028116249038834824,201911,-0.0012556275611179829
1,1,1,0,0,6987.700949252037,-0.019007227114724468,0.9147475134101456,0.9881961609308209,1.0,24.010943252042125,-0.000986432908850386,202001,-0.0012556275611179829
2,2,2,1,1,7011.692230079207,-0.020033400171070137,0.9147466153697644,0.9410582449045034,1.0,24.01030170518425,-0.0009692587575067332,201911,-0.0012556275611179829
3,3,3,1,1,7011.7118925040795,0.0006821170773636531,0.9147475134101456,0.9881961609308209,1.0,24.010943252043944,-0.00015105698852017769,202001,-0.0012556275611179829
4,4,4,2,2,7035.702531784391,0.008810507380413446,0.9147466153697644,0.9410582449045034,1.0,24.01030170518333,0.0004262711952849487,201911,-0.0012556275611179829
5,5,5,2,2,7035.722835756124,-0.08293989861290296,0.9147475134101456,0.9881961609308209,1.0,24.010943252043038,-0.003158308831271493,202001,-0.0012556275611179829
6,6,6,3,3,7059.712833489574,-0.04046075030171559,0.9147466153697644,0.9410582449045034,1.0,24.01030170518425,-0.0019575776568304904,201911,-0.0009588890123665724
7,7,7,3,3,7059.7337790081665,-0.011207772114143144,0.9147475134101456,0.9881961609308209,1.0,24.010943252043038,1.3978577564306484e-05,202001,-0.0010253218794187573
8,8,8,4,4,7083.723135194759,-0.03719200373045717,0.9147466153697644,0.9410582449045034,1.0,24.01030170518333,-0.0017994287049198613,201911,-0.0008777751234581092
9,9,9,4,4,7083.7447222602095,-0.05321245391540218,0.9147475134101456,0.9881961609308209,1.0,24.010943252043944,-0.0020260660365367337,202001,-0.001173166359963525
10,10,10,5,5,7107.733436899942,-0.008110392855609216,0.9147466153697644,0.9410582449045034,1.0,24.010301705182428,-0.0003923981568277109,201911,-0.0011033130543014068
11,11,11,5,5,7107.7556655122535,0.013977083395735002,0.9147475134101456,0.9881961609308209,1.0,24.010943252042125,0.00045249913238203397,202001,-0.0008835951427465897
12,12,12,6,6,7131.743738605124,-0.03549232158113436,0.9147466153697644,0.9410582449045034,1.0,24.01030170518425,-0.0017171944464244215,201911,-0.0008664900684555105
13,13,13,6,6,7131.766608764296,0.02745937869484893,0.9147475134101456,0.9881961609308209,1.0,24.010943252043944,0.0006537555580603967,202001,-0.0008167568940217316
14,14,14,7,7,7155.7540403103085,-0.07028131951289651,0.9147466153697644,0.9410582449045034,1.0,24.01030170518425,-0.003400360590079749,201911,-0.0006763998961444879
15,15,15,7,7,7155.77755201634,0.014423507928746138,0.9147475134101456,0.9881961609308209,1.0,24.010943252043038,0.0011946575575682466,202001,-0.0003788384774611628
16,16,16,8,8,7179.764342015493,-0.015324080643511873,0.9147466153697644,0.9410582449045034,1.0,24.01030170518516,-0.0007414118041685044,201911,-0.0004394060164094482
17,17,17,8,8,7179.788495268383,-0.04833622643904123,0.9147475134101456,0.9881961609308209,1.0,24.010943252043038,-0.0017694218396286207,202001,-0.0003325991573640638
18,18,18,9,9,7203.774643720678,0.011596086997845423,0.9147466153697644,0.9410582449045034,1.0,24.01030170518152,0.0005610434963358754,201911,-0.0001683371445972447
19,19,19,9,9,7203.799438520426,-0.014151569079380531,0.9147475134101456,0.9881961609308209,1.0,24.010943252043944,-0.00025550172827018075,202001,-0.00012054336362617084
20,20,20,10,10,7227.784945425859,0.02577623865562173,0.9147466153697644,0.9410582449045034,1.0,24.01030170518516,0.0012471095689798436,201911,0.00034145744422561434
21,21,21,10,10,7227.81038177247,-0.02395657007543317,0.9147475134101456,0.9881961609308209,1.0,24.010943252042125,-0.0010586410852588502,202001,3.04626355389583e-05
22,22,22,11,11,7251.795247131045,0.033635854176770286,0.9147466153697644,0.9410582449045034,1.0,24.01030170518333,0.001627374581881262,201911,-7.674616692155412e-06
23,23,23,11,11,7251.821325024512,-0.02693522991929476,0.9147475134101456,0.9881961609308209,1.0,24.010943252043944,8.968769401058851e-05,202001,-0.0001687866753298834
24,24,24,12,12,7275.805548836228,0.02437856543919137,0.9147466153697644,0.9410582449045034,1.0,24.01030170518425,0.0011794871487422096,201911,-0.0002956325904664123
25,25,25,12,12,7275.8322682765565,0.014594507816037215,0.9147475134101456,0.9881961609308209,1.0,24.010943252042125,0.0016816482962898885,202001,-0.0005295704419421645
26,26,26,13,13,7299.815850541412,-0.046014611398058514,0.9147466153697644,0.9410582449045034,1.0,24.01030170518333,-0.0022262853379849705,201911,-0.000970968150061557
27,27,27,13,13,7299.843211528598,-0.06359204110787198,0.9147475134101456,0.9881961609308209,1.0,24.010943252043944,-0.0011609215787107554,202001,-0.0007660393702457094
28,28,28,14,14,7323.8261522465955,-0.07320169253981224,0.9147466153697644,0.9410582449045034,1.0,24.01030170518333,-0.003541654484643629,201911,-0.0009703172829488835
29,29,29,14,14,7323.854154780642,-0.05711323196522222,0.9147475134101456,0.9881961609308209,1.0,24.010943252043944,-0.0008342615701659423,202001,-0.0010182609147346687
30,30,30,15,15,7347.836453951779,-0.058468230964586525,0.9147466153697644,0.9410582449045034,1.0,24.01030170518425,-0.0028288180945034557,201911,-0.0010578001797132924
31,31,31,15,15,7347.865098032686,-0.0826759725051891,0.9147475134101456,0.9881961609308209,1.0,24.010943252042125,-0.003608265220333475,202001,-0.001191707066712136
32,32,32,16,16,7371.846755656963,0.024711091950208264,0.9147466153697644,0.9410582449045034,1.0,24.01030170518425,0.0011955754927154769,201911,-0.000825216230260905
33,33,33,16,16,7371.876041284728,-0.05410541703227823,0.9147475134101456,0.9881961609308209,1.0,24.010943252043038,-0.0006196824578536558,202001,-0.0008203506553427557
34,34,34,17,17,7395.857057362147,-0.009046566813005308,0.9147466153697644,0.9410582449045034,1.0,24.01030170518425,-0.00043769225563304766,201911,-0.0004226457798584216
35,35,35,17,17,7395.886984536771,-0.002113872045970133,0.9147475134101456,0.9881961609308209,1.0,24.010943252043038,0.0007445552339773483,202001,-0.00034680381893424064
36,36,36,18,18,7419.867359067332,0.004313007700147642,0.9147466153697644,0.9410582449045034,1.0,24.01030170518152,0.0002086725393026102,201911,-8.963853761575111e-05
37,37,37,18,18,7419.897927788814,0.022840112000549584,0.9147475134101456,0.9881961609308209,1.0,24.010943252043944,0.0018051138629785696,202001,0.00023838557332365534
38,38,38,19,19,7443.877660772513,-0.022888616974931275,0.9147466153697644,0.9410582449045034,1.0,24.01030170518425,-0.0011074002546111142,201911,0.00012969689216766136
39,39,39,19,19,7443.908871040858,-0.006802924102161989,0.9147475134101456,0.9881961609308209,1.0,24.010943252043038,0.0008330991456840483,202001,0.0001860316610634574
40,40,40,20,20,7467.887962477696,0.008000743171308833,0.9147466153697644,0.9410582449045034,8238502619679.924,24.01030170518516,4.698585269660348e-17,201911,0.00022582186612101092
41,41,41,20,20,7467.919814292901,-0.02811209837702322,0.9147475134101456,0.9881961609308209,8242335411043.107,24.010943252043038,-7.037993980646574e-17,202001,0.00015813502666853208
42,42,42,21,21,7491.8982641828825,-0.0007310710179307955,0.9147466153697644,0.9410582449045034,9898123281189.65,24.01030170518425,-3.5734834589113276e-18,201911,0.0001391647958228363
43,43,43,21,21,7491.930757544944,-0.08404641147056569,0.9147475134101456,0.9881961609308209,9902397344931.268,24.010943252043038,-4.5638887809286665e-16,202001,-2.4936464447939607e-05
44,44,44,22,22,7515.908565888067,0.029021032505995307,0.9147466153697644,0.9410582449045034,14002039175603.172,24.010301705182428,1.0027822515016003e-16,201911,7.573628597125616e-05
45,45,45,22,22,7515.941700796987,-0.0014944326196641988,0.9147475134101456,0.9881961609308209,14008190475595.148,24.010943252043038,4.130423476431968e-17,202001,-1.7906194011761634e-17
46,46,46,23,23,7539.918867593249,0.032704985032759086,0.9147466153697644,0.9410582449045034,19487755083851.785,24.01030170518333,8.119648130261866e-17,201911,-2.07340698361589e-17
47,47,47,23,23,7539.95264404903,-0.0324445985823002,0.9147475134101456,0.9881961609308209,19499620335292.73,24.010943252043944,-4.325019508089097e-17,202001,-1.3951300846964742e-17
48,48,48,24,24,7563.929169298432,0.021598998632826768,0.9147466153697644,0.9410582449045034,30787706721012.85,24.01030170518425,3.394230592825174e-17,201911,-1.3234012642179928e-17
49,49,49,24,24,7563.963587301074,0.0022422875142380505,0.9147475134101456,0.9881961609308209,30808197117832.273,24.010943252043038,3.940684367577021e-17,202001,2.761743859707911e-17
50,50,50,25,25,7587.939471003617,0.03319493131172069,0.9147466153697644,0.9410582449045034,47926640379397.7,24.01030170518333,3.351041879203298e-17,201911,1.9305672619284664e-17
51,51,51,25,25,7587.974530553117,0.004326446197598255,0.9147475134101456,0.9881961609308209,47953904554524.77,24.010943252043038,1.587921862823348e-17,202001,1.6238077489771575e-17
52,52,52,26,26,7611.9497727088,0.005980134010145854,0.9147466153697644,0.9410582449045034,68391531048150.75,24.01030170518425,4.2305190746700195e-18,201911,9.16023566673041e-18
53,53,53,26,26,7611.98547380516,-0.02291547639498115,0.9147475134101456,0.9881961609308209,68424039873800.7,24.010943252043038,4.3166867937216676e-18,202001,1.5180230498154306e-17
54,54,54,27,27,7635.960074413984,-0.013388605876419768,0.9147466153697644,0.9410582449045034,92236549084086.22,24.01030170518425,-7.022914461017241e-18,201911,1.4644495211335963e-17
55,55,55,27,27,7635.996417057203,0.011666743945330849,0.9147475134101456,0.9881961609308209,92277710017516.9,24.010943252043038,8.848799394421126e-18,202001,1.270542022240669e-17
56,56,56,28,28,7659.970376119169,0.019446071061354764,0.9147466153697644,0.9410582449045034,124438738437995.16,24.01030170518333,7.560688339675677e-18,201911,1.1074323882813212e-17
57,57,57,28,28,7660.007360309246,0.0029902376888105713,0.9147475134101456,0.9881961609308209,124505049190107.8,24.010943252043944,3.3402212491658418e-18,202001,1.1144493737856934e-17
58,58,58,29,29,7683.980677824352,0.08440771113770995,0.9147466153697644,0.9410582449045034,177791485818873.78,24.01030170518333,2.2969748064771905e-17,201911,1.1897238930625516e-17
59,59,59,29,29,7684.01830356129,0.10073782467875092,0.9147475134101456,0.9881961609308209,177891550387052.78,24.010943252042125,2.8049217773249936e-17,202001,1.3908798256773392e-17
60,60,60,30,30,7707.990979529535,0.09339105302680896,0.9147466153697644,0.9410582449045034,249955979273092.62,24.010301705182428,1.8077018797548206e-17,201911,1.630713810629864e-17
61,61,61,30,30,7708.029246813332,0.07037857916441814,0.9147475134101456,0.9881961609308209,250072101305702.4,24.010943252043944,1.556835905650474e-17,202001,1.7052566390727295e-17
62,62,62,31,31,7732.001281234718,0.11127843477568032,0.9147466153697644,0.9410582449045034,323335570840801.25,24.010301705186066,1.6651087033714412e-17,201911,1.7522326001833924e-17
63,63,63,31,31,7732.040190065376,0.07986831693789677,0.9147475134101456,0.9881961609308209,323446560728694.06,24.010943252043038,1.2510716195124427e-17,202001,1.8508141915093408e-17
64,64,64,32,32,7756.011582939904,0.21252285263829007,0.9147466153697644,0.9410582449045034,388835755282579.8,24.01030170518333,2.6443839381348315e-17,201911,1.866080244570889e-17
65,65,65,32,32,7756.051133317419,0.17842634828284787,0.9147475134101456,0.9881961609308209,388942140161647.0,24.010943252043038,1.9358823883760445e-17,202001,1.772441657566535e-17
66,66,66,33,33,7780.021884645087,0.16040177768016006,0.9147466153697644,0.9410582449045034,455205816330723.3,24.010301705182428,1.7048510523136368e-17,201911,1.8101758534202365e-17
67,67,67,33,33,7780.062076569462,0.1325220325971589,0.9147475134101456,0.9881961609308209,455338707720342.8,24.010943252043944,1.272804406184858e-17,202001,1.8176338402004076e-17
68,68,68,34,34,7804.032186350269,0.16030202735658272,0.9147466153697644,0.9410582449045034,546788471799387.4,24.010301705186066,1.4184196295020168e-17,201911,1.831290638596226e-17
69,69,69,34,34,7804.073019821506,0.2612482992440811,0.9147475134101456,0.9881961609308209,546979067041460.6,24.010943252042125,2.4649013901542204e-17,202001,1.90498545517578e-17
70,70,70,35,35,7828.0424880554565,0.2479379299565887,0.9147466153697644,0.9410582449045034,675856981985084.4,24.010301705182428,1.7748973202771013e-17,201911,1.87616885406823e-17
71,71,71,35,35,7828.083963073548,0.31236800709126,0.9147475134101456,0.9881961609308209,676106887071407.2,24.010943252043944,2.222778034145536e-17,202001,1.8761010597756968e-17
72,72,72,36,36,7852.052789760638,0.2822227282971041,0.9147466153697644,0.9410582449045034,833166024271746.0,24.01030170518333,1.6388737602323563e-17,201911,1.8996068451869782e-17
73,73,73,36,36,7852.094906325592,0.33027272861412826,0.9147475134101456,0.9881961609308209,833451300781087.1,24.010943252043038,1.8153334857254445e-17,202001,1.9497512117245176e-17
74,74,74,37,37,7876.063091465821,0.4257733905330354,0.9147466153697644,0.9410582449045034,999159993697070.8,24.01030170518425,2.0617146018875368e-17,201911,1.9879346603003986e-17
75,75,75,37,37,7876.105849577635,0.4790988139675628,0.9147475134101456,0.9881961609308209,999442889736565.4,24.010943252043038,2.3274013259517808e-17,202001,1.9187832599768378e-17
76,76,76,38,38,7900.073393171006,0.4608913425982208,0.9147466153697644,0.9410582449045034,1152317027393566.8,24.01030170518425,1.935136651158182e-17,201911,1.9268265800902215e-17
77,77,77,38,38,7900.116792829678,0.4883892338089131,0.9147475134101456,0.9881961609308209,1152577183703591.0,24.010943252043944,1.9634146918377283e-17,202001,1.8744063877631854e-17
78,78,78,39,39,7924.08369487619,0.486075107727982,0.9147466153697644,0.9410582449045034,1289051252124099.8,24.01030170518333,1.824392438097793e-17,201911,1.886404158958349e-17
79,79,79,39,39,7924.127736081722,0.5046215086040285,0.9147475134101456,0.9881961609308209,1289293731789763.0,24.010943252041216,1.838437563836708e-17,202001,1.8930324264292906e-17
80,80,80,40,40,7948.093996581373,0.4994855846077732,0.9147466153697644,0.9410582449045034,1418006738348947.5,24.01030170518333,1.70423598659505e-17,201911,1.868361031596483e-17
81,81,81,40,40,7948.138679333763,0.5363090293708237,0.9147475134101456,0.9881961609308209,1418250495254503.0,24.01094325204485,1.8633738415243225e-17,202001,1.8293408223023647e-17
82,82,82,41,41,7972.1042982865565,0.5267313724235391,0.9147466153697644,0.9410582449045034,1548115238737465.2,24.01030170518425,1.6461559185481375e-17,201911,1.8161916230689926e-17
83,83,83,41,41,7972.149622585808,0.5656550412722628,0.9147475134101456,0.9881961609308209,1548346581483687.2,24.010943252043038,1.7708492433791588e-17,202001,1.7982426833532647e-17
84,84,84,42,42,7996.114599991741,0.6498329327345741,0.9147466153697644,0.9410582449045034,1665054958003493.0,24.01030170518425,1.888244427905803e-17,201911,1.78542834074522e-17
85,85,85,42,42,7996.160565837851,0.6289880984617876,0.9147475134101456,0.9881961609308209,1665269604861824.5,24.010943252043038,1.7903292587266555e-17,202001,1.786406892659167e-17
86,86,86,43,43,8020.124901696925,0.706653532008927,0.9147466153697644,0.9567285754387844,1771667384299930.5,24.01030170518333,1.898179023716477e-17,201911,1.793917716761514e-17
87,87,87,43,43,8020.171509089894,0.7091878992159181,0.9147475134101456,0.9945957213657398,1771857483856135.2,24.010943252043944,1.7904954595910855e-17,202001,1.7962258447718926e-17
88,88,88,44,44,8044.135203402108,0.6953696853489848,0.9147466153697644,0.9633028301987197,1861099551608706.8,24.01030170518425,1.7659763549647254e-17,201911,1.8008610989399818e-17
89,89,89,44,44,8044.182452341938,0.7155445784414235,0.9147475134101456,0.9966726265245444,1861251954029863.2,24.010943252041216,1.6834346694093025e-17,202001,1.8085629415613835e-17
90,90,90,45,45,8068.145505107293,0.7561377214328775,0.9147466153697644,0.9647326361682216,1929795264544724.8,24.01030170518333,1.8492016348901205e-17,201911,1.7974154018982177e-17
91,91,91,45,45,8068.193395593979,0.7629164058297699,0.9147475134101456,0.9969045509433624,1929928106901838.5,24.01094325204485,1.7868550517208684e-17,202001,1.799697326751715e-17
92,92,92,46,46,8092.155806812476,0.7983390894831709,0.9147466153697644,0.9647842994808918,1994716658457918.5,24.010301705182428,1.8887632496384886e-17,201911,1.792629721580414e-17
93,93,93,46,46,8092.204338846024,0.7479936308240127,0.9147475134101456,0.9991852554440872,1994855175675466.5,24.010943252042125,1.697143714397118e-17,202001,1.7821610428588055e-17
94,94,94,47,47,8116.166108517657,0.8143985755907147,0.9147466153697644,0.9673265131662064,2065799924528796.8,24.01030170518425,1.8555695122145745e-17,201911,1.7816978851506262e-17
95,95,95,47,47,8116.215282098066,0.7999916727166021,0.9147475134101456,1.0028245901605652,2065951657752654.8,24.010943252043038,1.7656214916109802e-17,202001,1.7854576315515507e-17
96,96,96,48,48,8140.176410222843,0.8304040002854478,0.9147466153697644,0.9723110773378552,2141934367749240.8,24.01030170518516,1.815430432115129e-17,201911,1.7606703491905167e-17
97,97,97,48,48,8140.2262253501085,0.8331170363293141,0.9147475134101456,1.0060476043590847,2142091490469482.8,24.01094325204485,1.8204353668321632e-17,202001,1.7442767064219737e-17
98,98,98,49,49,8164.186711928029,0.7984174935417343,0.9147466153697644,0.9783489572994792,2217863801979544.0,24.010301705182428,1.6753399936533914e-17,201911,1.728367486686939e-17
99,99,99,49,49,8164.237168602154,0.8333051712623689,0.9147475134101456,1.0098971050308536,2218024844423836.5,24.010943252041216,1.760881620174754e-17,202001,1.7228069727073307e-17
100,100,100,50,50,8188.197013633209,0.8543870576979842,0.9147466153697644,0.9820030362549936,2296712864569860.5,24.01030170518516,1.7247918798194725e-17,201911,1.7079281459569887e-17
101,101,101,50,50,8188.2481118541955,0.7908423681613667,0.9147475134101456,1.0129499033081837,2296897722841041.0,24.01094325204485,1.5765415289187473e-17,202001,1.7035998373194066e-17
102,102,102,51,51,8212.207315338395,0.8305300284551868,0.9147466153697644,0.9843742107719116,2391163101276587.5,24.010301705182428,1.606524981266893e-17,201911,1.6878392205694586e-17
103,103,103,51,51,8212.25905510624,0.9124142892958986,0.9147475134101456,1.0161188682079167,2391391127400841.0,24.010943252042125,1.713761832553114e-17,202001,1.680848466329223e-17
104,104,104,52,52,8236.217617043578,0.8867757409306809,0.9147466153697644,0.9844298103598088,2506993128526082.0,24.01030170518425,1.6359780606214235e-17,201911,1.6864330705989894e-17
105,105,105,52,52,8236.269998358282,0.9393421407587996,0.9147475134101456,1.0175237986708383,2507267036846963.0,24.010943252043944,1.6919024179608114e-17,202001,1.6847418846645138e-17
106,106,106,53,53,8260.227918748762,0.9814317593830436,0.9147466153697644,0.9853490444978178,2639647091643332.5,24.01030170518425,1.7180100965975774e-17,201911,1.6800693789568087e-17
107,107,107,53,53,8260.280941610326,0.9407558067930822,0.9147475134101456,1.0177277668877234,2639938957971089.0,24.010943252043944,1.6420636478657016e-17,202001,1.6873499478006368e-17
108,108,108,54,54,8284.238220453946,1.0484259774508842,0.9147466153697644,0.9879810622854824,2771146839001970.0,24.01030170518425,1.7435370701895703e-17,201911,1.6926086574985915e-17
109,109,109,54,54,8284.29188486237,1.07085387433951,0.9147475134101456,1.0205544847071315,2771426966992705.0,24.010943252042125,1.7367706406208205e-17,202001,1.687528727134969e-17
110,110,110,55,55,8308.24852215913,1.0958785743105337,0.9147466153697644,0.9902815835831372,2891929550250848.5,24.010301705182428,1.7422785748955248e-17,201911,1.6875816284152483e-17
111,111,111,55,55,8308.302828114412,1.094228752531995,0.9147475134101456,1.022945103283716,2892194921679851.0,24.010943252043944,1.6733943170347144e-17,202001,1.695542261156458e-17
112,112,112,56,56,8332.258823864313,1.083560408249804,0.9147466153697644,0.991877535669582,3002421794047021.0,24.01030170518425,1.6566277862008564e-17,201911,1.6931148397890167e-17
113,113,113,56,56,8332.313771366456,1.1153234550385975,0.9147475134101456,1.0243112597155557,3002632466265892.0,24.010943252042125,1.6643707879443922e-17,202001,1.7063064659512217e-17
114,114,114,57,57,8356.269125569497,1.114616184564257,0.9147466153697644,0.9929182231440068,3082901590220017.0,24.01030170518425,1.6578825985532673e-17,201911,1.7108928295446967e-17
115,115,115,57,57,8356.324714618499,1.1305770215665012,0.9147475134101456,1.0243916742473689,3083092458439353.0,24.010943252043944,1.636559974704497e-17,202001,1.711751043761325e-17
116,116,116,58,58,8380.279427274681,1.2276071281913326,0.9147466153697644,0.9924556979608168,3164895134149819.0,24.010301705182428,1.7794693781141185e-17,201911,1.7124974447072526e-17
117,117,117,58,58,8380.335657870542,1.1660189196984083,0.9147475134101456,1.0229951568064777,3165087556103172.0,24.010943252042125,1.6913084615557222e-17,202001,1.7207207729447667e-17
118,118,118,59,59,8404.289728979864,1.2638199579763971,0.9147466153697644,0.9910864587843072,3248695445897935.0,24.01030170518425,1.7871715356499583e-17,201911,1.7156597167650325e-17
119,119,119,59,59,8404.346601122585,1.2882130537197516,0.9147475134101456,1.0224634593609587,3248910779874298.5,24.010943252043944,1.793987069717793e-17,202001,1.723195586254594e-17
120,120,120,60,60,8428.300030685048,1.2722057633016235,0.9147466153697644,0.9913778378136516,3345977414815149.0,24.01030170518425,1.7462109970037334e-17,201911,1.7225064015719553e-17
121,121,121,60,60,8428.357544374629,1.3101678512504629,0.9147475134101456,1.022185555428912,3346230131116247.5,24.01094325204577,1.7504889853007275e-17,202001,1.7275647708313065e-17
122,122,122,61,61,8452.310332390232,1.3293736788410826,0.9147466153697644,0.9927577641447848,3456555042427620.0,24.01030170518425,1.7638509276473703e-17,201911,1.713408400117583e-17
123,123,123,61,61,8452.368487626674,1.244218374317521,0.9147475134101456,1.021949416081707,3456814558484935.0,24.010943252040306,1.6009561682237788e-17,202001,1.708255026297243e-17
124,124,124,62,62,8476.320634095417,1.357074786538287,0.9147466153697644,0.993088356978569,3560890326573385.0,24.01030170518425,1.7472653523295723e-17,201911,1.689249349000138e-17
125,125,125,62,62,8476.379430878715,1.3167928932608908,0.9147475134101456,1.0213519964505111,3561129962008289.0,24.010943252043944,1.650301567044239e-17,202001,1.6680285044472353e-17
126,126,126,63,63,8500.3309358006,1.34707011515987,0.9147466153697644,0.9922070707871574,3652895445412620.0,24.010301705182428,1.6922020365573603e-17,201911,1.6529340269517335e-17
127,127,127,63,63,8500.390374130759,1.3036928878970095,0.9147475134101456,1.0201065160635852,3653106423075220.0,24.010943252043944,1.6237493002631568e-17,202001,1.6403732657899223e-17
128,128,128,64,64,8524.341237505783,1.3296805475030704,0.9147466153697644,0.9925553644647828,3731444435505604.0,24.01030170518425,1.6346213495319854e-17,201911,1.6206569826810904e-17
129,129,129,64,64,8524.401317382803,1.3296590780211048,0.9147475134101456,1.0199221586740963,3731622129062874.5,24.010943252042125,1.5781090853818053e-17,202001,1.6265869361143173e-17
130,130,130,65,65,8548.351539210968,1.2915334578562647,0.9147466153697644,0.9930232114925416,3794617276199593.0,24.010301705182428,1.5605577796358625e-17,201911,1.6121806424201595e-17
131,131,131,65,65,8548.412260634845,1.3526465260225502,0.9147475134101456,1.0199038660514377,3794751504913482.5,24.010943252043944,1.5801717445532123e-17,202001,1.6168156761709163e-17
132,132,132,66,66,8572.36184091615,1.350369528589053,0.9147466153697644,0.9934947906160844,3838284838069049.0,24.01030170518425,1.6123206125208062e-17,201911,1.616673660275077e-17
133,133,133,66,66,8572.423203886889,1.3345340680562825,0.9147475134101456,1.0195868414458302,3838372436149264.0,24.010943252040306,1.5469718134502178e-17,202001,1.6163700905449043e-17
134,134,134,67,67,8596.372142621334,1.4058608250756248,0.9147466153697644,0.9940185154256678,3864791198214434.5,24.01030170518425,1.666185655989276e-17,201911,1.6227518459242523e-17
135,135,135,67,67,8596.434147138929,1.3927060186593514,0.9147475134101456,1.0191563567813096,3864851450258090.5,24.01094325204577,1.5887961216938348e-17,202001,1.62550522677935e-17
136,136,136,68,68,8620.382444326518,1.4436039445106532,0.9147466153697644,0.9940074760534988,3886712463873964.0,24.01030170518425,1.7012869383025627e-17,201911,1.6319023487473133e-17
137,137,137,68,68,8620.445090390975,1.4711345481846911,0.9147475134101456,1.0185241979308863,3886788104153069.0,24.010943252043944,1.690639861703128e-17,202001,1.6339834195861586e-17
138,138,138,69,69,8644.392746031703,1.3883760966528955,0.9147466153697644,0.994334122846353,3923299223730567.0,24.01030170518425,1.6204100332312604e-17,201911,1.6391333907780945e-17
139,139,139,69,69,8644.456033643019,1.4824113524178255,0.9147475134101456,1.0169752770511336,3923435676477429.5,24.010943252040306,1.7048206587048122e-17,202001,1.646067896861458e-17
140,140,140,70,70,8668.403047736887,1.4024965840612515,0.9147466153697644,0.9945542726544188,3991920076800361.5,24.01030170518425,1.6083962747878785e-17,201911,1.65247609382374e-17
141,141,141,70,70,8668.466976895059,1.4461915398105982,0.9147475134101456,1.0162439441458069,3992177592556361.5,24.01094325204577,1.63092612128346e-17,202001,1.6585274616071652e-17
142,142,142,71,71,8692.413349442071,1.4403936622937343,0.9147466153697644,0.9947711364338552,4112527977069681.0,24.010301705182428,1.6030635237805098e-17,201911,1.6570716906267865e-17
143,143,143,71,71,8692.477920147105,1.5190386903991706,0.9147475134101456,1.0166628856100541,4112902925967452.0,24.010943252042125,1.6689702956321023e-17,202001,1.6521294302031682e-17
144,144,144,72,72,8716.423651147254,1.5142726340656458,0.9147466153697644,0.9953633870373784,4267152879640338.5,24.01030170518425,1.6232513803672174e-17,201911,1.65659680622811e-17
145,145,145,72,72,8716.488863399147,1.6280735493655814,0.9147475134101456,1.0168824754209602,4267575964766525.0,24.010943252043944,1.7366758225743775e-17,202001,1.6527577512012443e-17
146,146,146,73,73,8740.433952852438,1.6016095597674591,0.9147466153697644,0.9963728926053864,4421234571518384.0,24.010301705182428,1.655361167311509e-17,201911,1.6574411313904825e-17
147,147,147,73,73,8740.49980665119,1.6554396141768717,0.9147475134101456,1.016340380827052,4421603324053603.0,24.010943252043944,1.6852734575183993e-17,202001,1.6573774499857775e-17
148,148,148,74,74,8764.44425455762,1.6263756751512783,0.9147466153697644,0.9969247813036178,4539455422552764.0,24.01030170518425,1.6362749970433247e-17,201911,1.6635533407400412e-17
149,149,149,74,74,8764.510749903235,1.7091012217051411,0.9147475134101456,1.0161371119986409,4539735198882569.0,24.010943252042125,1.6695511695056233e-17,202001,1.6557313004556878e-17
150,150,150,75,75,8788.454556262805,1.6828925887605015,0.9147466153697644,0.9960410087464092,4626955372390007.0,24.01030170518425,1.6625910534092903e-17,201911,1.658869711417973e-17
151,151,151,75,75,8788.521693155277,1.7331664408934149,0.9147475134101456,1.0158845714270237,4627192144405778.0,24.010943252043944,1.6599134568694968e-17,202001,1.651106965070745e-17
152,152,152,76,76,8812.464857967989,1.6776897867744784,0.9147466153697644,0.9948782047079204,4709725546556944.0,24.01030170518425,1.6302256258317045e-17,201911,1.6487369085140903e-17
153,153,153,76,76,8812.53263640732,1.7609326912897272,0.9147475134101456,1.0152933207123147,4709980846677071.0,24.010943252042125,1.6709983220774094e-17,202001,1.6468977373032842e-17
154,154,154,77,77,8836.475159673173,1.6614920735946086,0.9147466153697644,0.9943210279876472,4806313559842612.0,24.01030170518425,1.5829278525042194e-17,201911,1.6485670717414664e-17
155,155,155,77,77,8836.543579659363,1.752658993222599,0.9147475134101456,1.0142507084967762,4806609845803915.0,24.010943252043944,1.6577739009523513e-17,202001,1.6465222219134222e-17
156,156,156,78,78,8860.485461378357,1.7848106544172708,0.9208286952437342,0.9947017643664264,4914740622796675.0,24.010301705182428,1.6512856127548727e-17,201911,1.6456922209079016e-17
157,157,157,78,78,8860.554522911407,1.7745384504823138,0.9208282873490544,1.0132527985702051,4915040836303973.0,24.010943252042125,1.629290545188301e-17,202001,1.6453971319474778e-17
158,158,158,79,79,8884.49576308354,1.8367857536992531,0.920686884399288,0.9952158312207928,5014253773704956.0,24.01030170518425,1.6650425741995333e-17,201911,1.648329738771669e-17
159,159,159,79,79,8884.565466163449,1.8833401956830085,0.9206864727154724,1.0136422122214026,5014505770463599.0,24.010943252043944,1.6546376758633302e-17,202001,1.6455592780665458e-17
160,160,160,80,80,8908.506064788724,1.8459575654751323,0.9205450735548416,0.9958208331668746,5092006911174261.0,24.010301705182428,1.6470578213971385e-17,201911,1.6497436017062668e-17
161,161,161,80,80,8908.576409415493,1.9220199373284048,0.92054465808189,1.0141599423626135,5092227804414255.0,24.010943252043944,1.6534610423485635e-17,202001,1.6484342691593766e-17
162,162,162,81,81,8932.516366493906,1.883333818321568,0.9204032627103956,0.9955088634528848,5167387856301201.0,24.01030170518425,1.6566674783048347e-17,201911,1.6442442239864747e-17
163,163,163,81,81,8932.587352667537,1.9305501595302887,0.9204028434483076,1.013071233640748,5167644987249457.0,24.010943252042125,1.6624843008978094e-17,202001,1.6449468736384906e-17
164,164,164,82,82,8956.52666819909,1.8985171757555583,0.9202614518659492,0.9950024976559788,5263796862581257.0,24.01030170518425,1.6405232543210525e-17,201911,1.63670327473657e-17
165,165,165,82,82,8956.598295919579,1.9119628909637407,0.9202610288147252,1.0119942286425043,5264113653550072.0,24.010943252043944,1.628955412541148e-17,202001,1.6345593242460577e-17
166,166,166,83,83,8980.536969904275,1.9434433701417584,0.9201196410215028,0.9958758476214408,5375131441443009.0,24.01030170518425,1.6433712429365595e-17,201911,1.627275710523398e-17
167,167,167,83,83,8980.609239171623,1.9122398368175115,0.9201192141811428,1.0105742510374516,5375438421247237.0,24.010943252043944,1.60519511585295e-17,202001,1.6237573388626162e-17
168,168,168,84,84,9004.54727160946,1.9688621563858684,0.9199778301770568,0.9961408484244824,5465950312845279.0,24.01030170518425,1.6370196913604807e-17,201911,1.6188625666165436e-17
169,169,169,84,84,9004.620182423667,1.8935423592627736,0.9199773995475604,1.0109414762966136,5466148497374676.0,24.010943252040306,1.5743629862784034e-17,202001,1.6124027190830943e-17
170,170,170,85,85,9028.557573314643,1.9789877020827984,0.9198360193326104,0.9968112383647724,5511296069793351.0,24.010301705182428,1.6310542204676964e-17,201911,1.6068246474803008e-17
171,171,171,85,85,9028.631125675707,1.9225750891512736,0.919835584913978,1.0125002624580912,5511402648237770.0,24.010943252043944,1.56693807044788e-17,202001,1.6019393029998354e-17
172,172,172,86,86,9052.567875019826,1.9711801175154464,0.9196942084881642,0.997843874819198,5540066066100389.0,24.01030170518425,1.6147589540799655e-17,201911,1.597566844040761e-17
173,173,173,86,86,9052.642068927751,2.0025364117216577,0.9196937702803956,1.0129047209686135,5540198509332507.0,24.01094325204577,1.6028249835980354e-17,202001,1.5955156824753438e-17
174,174,174,87,87,9076.57817672501,1.9618243023000537,0.919552397643718,0.9976988285613924,5596288643748904.0,24.01030170518425,1.5914259780298694e-17,201911,1.5949793051637608e-17
175,175,175,87,87,9076.653012179797,1.981138426526081,0.9195519556468132,1.0134847388049604,5596535531284007.0,24.010943252042125,1.579164466690326e-17,202001,1.6013151020167942e-17
176,176,176,88,88,9100.588478430194,1.975181373418126,0.919410586799272,0.9974057899413472,5694920852198373.0,24.010301705182428,1.5752166232560274e-17,201911,1.6010078732339227e-17
177,177,177,88,88,9100.663955431839,2.027475457676484,0.9194101410132308,1.0134847388049604,5695272902179852.0,24.01094325204577,1.5952741943867374e-17,202001,1.608546136857298e-17
178,178,178,89,89,9124.598780135377,2.026848972337712,0.9192687759548256,0.9974057899413472,5817405566815717.0,24.01030170518425,1.582632338633363e-17,201911,1.6094789120157277e-17
179,179,179,89,89,9124.674898683885,2.1262158196298016,0.9192683263796484,1.0131303242722511,5817785455613765.0,24.010943252038487,1.6311195409330674e-17,202001,1.6106173952831096e-17
180,180,180,90,90,9148.609081840561,2.14731082174558,0.9191269651103792,0.9969394890320528,5936578079822149.0,24.010301705182428,1.6440567516617714e-17,201911,1.6105153172582348e-17
181,181,181,90,90,9148.685841935923,2.177251246509268,0.919126511746066,1.0135226710539469,5936950909066103.0,24.010943252043944,1.6276747038561107e-17,202001,1.613723169582497e-17
182,182,182,91,91,9172.619383545743,2.194958623816869,0.9189851542659332,0.9963560467422232,6051441535956405.0,24.010301705186066,1.6498589703050095e-17,201911,1.6102687389844427e-17
183,183,183,91,91,9172.696785187967,2.2256089347221995,0.9189846971124837,1.0147418182561188,6051810749379285.0,24.01094325204577,1.625019480822687e-17,202001,1.6097801706591913e-17
184,184,184,92,92,9196.62968525093,2.189810002452948,0.9188433434214868,0.9966982905452416,6165062052796136.0,24.010301705182428,1.6153482995392427e-17,201911,1.606170476052895e-17
185,185,185,92,92,9196.707728440013,2.2244255667789727,0.9188428824789012,1.015394192587027,6165425820939469.0,24.010943252042125,1.5903031197562443e-17,202001,1.603966413327174e-17
186,186,186,93,93,9220.639986956112,2.2273785994880733,0.9187015325770406,0.9970715247734092,6272935833819681.0,24.01030170518425,1.6144508422572062e-17,201911,1.5978741432487e-17
187,187,187,93,93,9220.718671692055,2.1927497142661965,0.918701067845319,1.0155009894607323,6273252237978819.0,24.01094325204577,1.5372178866774315e-17,202001,1.5991655911795697e-17
188,188,188,94,94,9244.650288661296,2.2230313029685114,0.9185597217325944,0.9968410843204744,6359820236154756.0,24.01030170518425,1.589899942808973e-17,201911,1.598377176692596e-17
189,189,189,94,94,9244.7296149441,2.2299846393222382,0.9185592532117364,1.0160855227768204,6360080320910721.0,24.010943252038487,1.5429256979641056e-17,202001,1.595951004219204e-17
190,190,190,95,95,9268.66059036648,2.273359347101416,0.918417910888148,0.9974393944809959,6432229876077489.0,24.01030170518425,1.6068748509501367e-17,201911,1.5991943325766755e-17
191,191,191,95,95,9268.74055819614,2.3162979096770457,0.918417438578154,1.016270992603803,6432474032645613.0,24.010943252043944,1.5770417807985534e-17,202001,1.5961467703806996e-17
192,192,192,96,96,9292.670892071665,2.3505584764012504,0.918276100043702,0.9982286290647644,6504719309186680.0,24.01030170518425,1.6418806310956795e-17,201911,1.5973096891369447e-17
193,193,193,96,96,9292.751501448183,2.419548674309808,0.9182756239445716,1.0170042313606809,6504956942257394.0,24.01094325204577,1.6411864109482964e-17,202001,1.6007341237016605e-17
194,194,194,97,97,9316.681193776849,2.3127285687023367,0.9181342891992555,0.9984927823551952,6573687118145457.0,24.01030170518425,1.598331583615377e-17,201911,1.6003718644749765e-17
195,195,195,97,97,9316.762444700229,2.4611439771543924,0.9181338093109894,1.017784996925894,6573911593135708.0,24.010943252042125,1.651024911471428e-17,202001,1.6079908405011607e-17
196,196,196,98,98,9340.691495482033,2.2739896901705987,0.9179924783548092,0.9986040124542308,6636379589009378.0,24.010301705182428,1.5567799356005103e-17,201911,1.6056781841627307e-17
197,197,197,98,98,9340.773387952271,2.4506824309961392,0.9179919946774072,1.0177816451945003,6636570092323274.0,24.01094325204577,1.6272429485759018e-17,202001,1.6079978314032703e-17
198,198,198,99,99,9364.701797187216,2.3193003345156002,0.9179080964056258,0.9990160258409928,6688649082661812.0,24.01030170518425,1.5748866668893058e-17,201911,1.6003496216981226e-17
199,199,199,99,99,9364.784331204317,2.380564060190042,0.9179079313375916,1.0173582362759843,6688845553702996.0,24.010943252038487,1.5859150913154485e-17,202001,1.5980409251182152e-17
200,200,200,100,100,9388.7120988924,2.4182456820199336,0.9178600758022154,0.9990939938279726,6751547321875123.0,24.010301705182428,1.626734434252134e-17,201911,1.591603735605749e-17
201,201,201,100,100,9388.795274456355,2.417303909066578,0.9178599094510874,1.0170872507187383,6751809622648234.0,24.010943252043944,1.5814356312274048e-17,202001,1.588482192208639e-17
202,202,202,101,101,9412.722400597582,2.413144923185766,0.9178120551988048,0.9992530905145612,6838215764745041.0,24.01030170518425,1.6025579004444915e-17,201911,1.5872556307307292e-17
203,203,203,101,101,9412.8062177084,2.370456171063384,0.9178118875645832,1.0170874695898062,6838546867156924.0,24.01094325204577,1.557750324339052e-17,202001,1.5824496972296947e-17
204,204,204,102,102,9436.732702302766,2.46756780641474,0.9177640345953948,0.9988545744204708,6938299833459496.0,24.010301705180613,1.6157907485693164e-17,201911,1.5797939724362706e-17
205,205,205,102,102,9436.817160960445,2.376738582901499,0.9177638656780792,1.0171183171340106,6938630704224298.0,24.010943252042125,1.527522498978246e-17,202001,1.5826333124822766e-17
206,206,206,103,103,9460.743004007947,2.501857373126837,0.917716013991984,0.9992952346596998,7028078549830576.0,24.010301705186066,1.6166879341032205e-17,201911,1.5771793962511454e-17
207,207,207,103,103,9460.828104212487,2.4541219449807032,0.9177158437915752,1.017887169974309,7028377850768370.0,24.01094325204577,1.5432877593435023e-17,202001,1.5793647625802307e-17
208,208,208,104,104,9484.753305713133,2.465068937386085,0.9176679933885741,0.9997772387541708,7107775431287310.0,24.010301705182428,1.5743776800645218e-17,201911,1.5747757035487952e-17
209,209,209,104,104,9484.839047464533,2.491603275638245,0.9176678219050708,1.0187046124752586,7108049461285076.0,24.010943252038487,1.5456736941616402e-17,202001,1.5796453674632426e-17
210,210,210,105,105,9508.763607418316,2.5592837026531745,0.9176199727851634,1.0001642887818911,7181859246817462.0,24.010301705186066,1.6171478318215158e-17,201911,1.5687277471207125e-17
211,211,211,105,105,9508.849990716571,2.550234897261822,0.917619800018567,1.0192842214891138,7182125217077928.0,24.010943252043944,1.5667413557096904e-17,202001,1.5743243787995038e-17
212,212,212,106,106,9532.773909123502,2.5676982970218267,0.9175719521817532,1.0005460267647095,7255472807115998.0,24.010301705182428,1.605474660847345e-17,201911,1.56741211594105e-17
213,213,213,106,106,9532.860933968615,2.562515562922264,0.917571778132063,1.0198224632843165,7255742434630051.0,24.010943252043944,1.552078251098698e-17,202001,1.5693600134193142e-17
214,214,214,107,107,9556.784210828684,2.6046579730059274,0.9175239315783428,1.0011003809150614,7329547595788397.0,24.01030170518425,1.6113166273979734e-17,201911,1.5702520257426327e-17
215,215,215,107,107,9556.87187722066,2.4904616166900047,0.9175237562455588,1.0198463235664943,7329807303415005.0,24.010943252043944,1.4956969248014842e-17,202001,1.5762143284386676e-17
216,216,216,108,108,9580.794512533868,2.5958405665467903,0.9174759109749324,1.002010781588036,7400585533775238.0,24.010301705182428,1.5890854474449548e-17,201911,1.5699285774135794e-17
217,217,217,108,108,9580.882820472703,2.5598254718379043,0.9174757343590548,1.0194535480224571,7400872838155014.0,24.01094325204577,1.5406530426602255e-17,202001,1.5708753395520326e-17
218,218,218,109,109,9604.80481423905,2.586251220333168,0.9174278903715221,1.0027009255610588,7483324759052670.0,24.01030170518425,1.5647146316044074e-17,201911,1.5630970622296714e-17
219,219,219,109,109,9604.893763724749,2.6641929294905333,0.9174277124725508,1.0197504329894962,7483633873228906.0,24.010943252042125,1.584189815621028e-17,202001,1.5610013578352406e-17
220,220,220,110,110,9628.815115944235,2.6934859646003493,0.9173798697681118,1.0032514818468647,7564717617808662.0,24.010301705186066,1.611259023818025e-17,201911,1.5526548954388195e-17
221,221,221,110,110,9628.904706976791,2.642033852585819,0.9173796905860464,1.0206519700593903,7564975283183950.0,24.010943252040306,1.5480045705455423e-17,202001,1.5559574324172502e-17
222,222,222,111,111,9652.825417649421,2.6564955883230965,0.9173318491647012,1.003057900947987,7624027000824733.0,24.01030170518425,1.5771557392326765e-17,201911,1.5474021705332732e-17
223,223,223,111,111,9652.915650228832,2.617367863926498,0.9173316686995424,1.021901430822298,7624225424365264.0,24.01094325204577,1.5199136103013727e-17,202001,1.546379303581299e-17
224,224,224,112,112,9676.835719354605,2.590902611948188,0.9172838285612908,1.0026915883879075,7673043029743714.0,24.010301705182428,1.5290255027599588e-17,201911,1.5391423287142876e-17
225,225,225,112,112,9676.926593480877,2.650803290901332,0.9172836468130384,1.022396277465743,7673255256130174.0,24.010943252042125,1.519505541037342e-17,202001,1.534262839269467e-17
226,226,226,113,113,9700.846021059788,2.620566262179267,0.9172358079578804,1.004250179252073,7734082580811125.0,24.01030170518425,1.5320248315642194e-17,201911,1.523703266331187e-17
227,227,227,113,113,9700.93753673292,2.60569964440891,0.9172356249265344,1.0221206963884308,7734331975365427.0,24.01094325204577,1.4949775667212112e-17,202001,1.519877500044025e-17
228,228,228,114,114,9724.856322764972,2.6414502674442217,0.9171877873544702,1.0048542047426574,7804803798829885.0,24.010301705182428,1.529401506188508e-17,201911,1.513613844023654e-17
229,229,229,114,114,9724.948479984965,2.6187097517121134,0.91718760304003,1.0227706448182017,7805100658014355.0,24.010943252038487,1.4851079080672822e-17,202001,1.5130116891048444e-17
230,230,230,115,115,9748.866624470154,2.6724090670016256,0.9171397667510598,1.0054576376190452,7886209396342979.0,24.010301705186066,1.5305154317280027e-17,201911,1.513167738491127e-17
231,231,231,115,115,9748.959423237004,2.6789238766544763,0.9171395811535259,1.0230612974708913,7886510962605330.0,24.01094325204577,1.495103721496943e-17,202001,1.5104271536906172e-17
232,232,232,116,116,9772.87692617534,2.6548551693391804,0.9170917461476495,1.005733774348383,7960588351243102.0,24.010301705182428,1.5059211413867588e-17,201911,1.5084324249309295e-17
233,233,233,116,116,9772.97036648905,2.7266077939628666,0.917091559267022,1.0233988316046003,7960846251494782.0,24.010943252043944,1.5082555230085978e-17,202001,1.5109976288737513e-17
234,234,234,117,117,9796.887227880523,2.6874380762574237,0.9170437255442392,1.005877452020404,8018323920896101.0,24.010301705180613,1.5132899061944667e-17,201911,1.5093422990928358e-17
235,235,235,117,117,9796.981309741093,2.7547574810390194,0.9170435373805179,1.0235306741954362,8018508382737877.0,24.010943252042125,1.530742046009068e-17,202001,1.5136824804289365e-17
236,236,236,118,118,9820.897529585704,2.6595290040535047,0.9169957049408288,1.00667155213092,8056614628475146.0,24.010301705187892,1.489359108231736e-17,201911,1.512513507648171e-17
237,237,237,118,118,9820.992252993135,2.714691142285856,0.9169955154940138,1.024333196266917,8056755494725861.0,24.010943252043944,1.5100828152076514e-17,202001,1.514021194416663e-17
238,238,238,119,119,9844.907831290893,2.731189848574746,0.9169476843374184,1.0067890584799541,8089390036949806.0,24.010301705182428,1.5231948100922533e-17,201911,1.5112172483076632e-17
239,239,239,119,119,9845.00319624518,2.7581479577914205,0.9169474936075096,1.025207054296288,8089522173853146.0,24.010943252042125,1.5111928785984372e-17,202001,1.5109480584409882e-17
240,240,240,120,120,9868.918132996074,2.759293645252053,0.9166744197130235,1.0068832549655466,8122812755830723.0,24.01030170518425,1.5328499027643894e-17,201911,1.5079303656285326e-17
241,241,241,120,120,9869.014139497222,2.7986041562697035,0.9166730846226172,1.025898305810612,8122951459901477.0,24.010943252042125,1.5176567311395812e-17,202001,1.5062179228306265e-17
242,242,242,121,121,9892.928434701258,2.7325673676190574,0.9163405264549356,1.0070701868800258,8158200637205922.0,24.010301705182428,1.5116882759503603e-17,201911,1.5054998046359596e-17
243,243,243,121,121,9893.025082749264,2.7468241935159905,0.9163391824430182,1.026307618313069,8158341421529278.0,24.01094325204577,1.4750777341877578e-17,202001,1.5037521481169642e-17
244,244,244,122,122,9916.93873640644,2.7307050483448263,0.916006633196848,1.006612728522536,8193975927150013.0,24.010301705182428,1.5052944344751704e-17,201911,1.5020165149607865e-17
245,245,245,122,122,9917.03602600131,2.7480526083143104,0.9160052802634194,1.0277373277293806,8194135230677539.0,24.010943252042125,1.4800952852574562e-17,202001,1.4987258141363082e-17
246,246,246,123,123,9940.949038111623,2.757239335515908,0.9156727399387604,1.006717870675925,8239564001162774.0,24.01030170518425,1.5119051752321034e-17,201911,1.489111159196417e-17
247,247,247,123,123,9941.046969253352,2.7706391554749965,0.9156713780838208,1.0285958095784702,8239813957973750.0,24.010943252043944,1.481459808090394e-17,202001,1.4863359702293042e-17
248,248,248,124,124,9964.959339816807,2.7439264275385216,0.9153388466806728,1.006981206772008,8316395461892186.0,24.01030170518425,1.4908585934987053e-17,201911,1.4806525963753384e-17
249,249,249,124,124,9965.057912505396,2.820737716547883,0.915337475904222,1.0292201918000958,8316798146985922.0,24.010943252042125,1.5041028453742988e-17,202001,1.483264267752591e-17
250,250,250,125,125,9988.969641521991,2.7514749664185882,0.9150049534225848,1.0072484052038808,8429800892559997.0,24.01030170518425,1.474995169529175e-17,201911,1.4814794869610623e-17
251,251,251,125,125,9989.068855757438,2.73286088289497,0.9150035737246232,1.030278833081868,8430283569377795.0,24.010943252043944,1.4270886984255885e-17,202001,1.481896958287359e-17
252,252,252,126,126,10012.979943227176,2.812374371139565,0.9146710601644972,1.007571682082119,8546450656259541.0,24.01030170518425,1.4871296525013348e-17,201911,1.47253853610177e-17
253,253,253,126,126,10013.079799009482,2.8050005859547045,0.9146696715450244,1.0316064143391062,8546864408792477.0,24.010943252042125,1.4491711635567402e-17,202001,1.4746004588838754e-17
254,254,254,127,127,10036.99024493236,2.8713691690413903,0.9143371669064094,1.0077800428005916,8630330757630466.0,24.01030170518425,1.5038061193375383e-17,201911,1.471218806027912e-17
255,255,255,127,127,10037.090742261524,2.922707563108065,0.9143357693654258,1.0335586160570005,8630579798049467.0,24.010943252043944,1.4856618457683544e-17,202001,1.4735156407022625e-17
256,256,256,128,128,10061.000546637544,2.8444862504019257,0.9140032736483216,1.007098971684952,8668646127795579.0,24.01030170518425,1.4846874698467212e-17,201911,1.4728065958499238e-17
257,257,257,128,128,10061.101685513568,2.8106869144145636,0.9140018671858272,1.0348093582368878,8668711720408475.0,24.010943252043944,1.4089625311906232e-17,202001,1.4774807093639466e-17
258,258,258,129,129,10085.010848342728,2.8819446384488616,0.9136693803902342,1.0073519009140166,8670201643237728.0,24.010301705180613,1.5041409586935502e-17,201911,1.4715259719748226e-17
259,259,259,129,129,10085.112628765612,2.882106950993278,0.9136679650062284,1.0360615886310731,8670226997565811.0,24.010943252042125,1.4536604120831108e-17,202001,1.4751708171385363e-17
260,260,260,130,130,10109.021150047907,2.935139904414041,0.9133354871321464,1.008107075315689,8681248499311942.0,24.010301705186066,1.5293680267921508e-17,201911,1.4660112985664628e-17
261,261,261,130,130,10109.123572017654,2.9246027608111302,0.9133340628266295,1.0367692750312991,8681376949822994.0,24.010943252043944,1.467195676153454e-17,202001,1.461927834395529e-17
262,262,262,131,131,10133.031451753095,2.8525758763461715,0.9130015938740588,1.0086661271615796,8725656800189269.0,24.01030170518425,1.4785039470798355e-17,201911,1.4576810380151284e-17
263,263,263,131,131,10133.134515269698,2.8491955764730985,0.9130001606470308,1.037782161261024,8725905405985326.0,24.010943252043944,1.4216275412209724e-17,202001,1.4613518843707758e-17
264,264,264,132,132,10157.04175345828,2.894203847713724,0.9126677006159708,1.0086533866850045,8792351489838528.0,24.010301705182428,1.4892644603575913e-17,201911,1.456408459467101e-17
265,265,265,132,132,10157.145458521742,2.8149469490732377,0.9126662584674322,1.0392009447698012,8792631318580560.0,24.010943252042125,1.4030514150447295e-17,202001,1.456075765638643e-17
266,266,266,133,133,10181.052055163462,2.8180835585832322,0.9123338073578832,1.0083268889950006,8855526574581646.0,24.01030170518425,1.4407437398880834e-17,201911,1.4455834895578004e-17
267,267,267,133,133,10181.156401773784,2.8940731509656734,0.9123323562878336,1.0400521981961577,8855768303728890.0,24.010943252043944,1.4379727096623127e-17,202001,1.4413124725271003e-17
268,268,268,134,134,10205.062356868646,2.850152315835642,0.9119999140997956,1.0081109995638675,8908333591479902.0,24.010301705182428,1.449341841102743e-17,201911,1.435624391236093e-17
269,269,269,134,134,10205.167345025828,2.9516556116319137,0.9119984541082348,1.0406641839110522,8908588812596986.0,24.010943252042125,1.4497632847531284e-17,202001,1.4396905247832637e-17
270,270,270,135,135,10229.072658573828,2.8701539339393407,0.9116660208417078,1.0076393160760504,8974256201555411.0,24.010301705187892,1.450000779970071e-17,201911,1.432687199574141e-17
271,271,271,135,135,10229.17828827787,2.881469078920468,0.9116645519286359,1.0415070424968629,8974631448419760.0,24.010943252043944,1.4139529899028844e-17,202001,1.4412299321384888e-17
272,272,272,136,136,10253.082960279016,2.8394765836134743,0.9113321275836199,1.0072596972653745,9071280518494886.0,24.01030170517879,1.4202144888157542e-17,201911,1.436634923719654e-17
273,273,273,136,136,10253.189231529914,2.929186911271737,0.9113306497490372,1.0420384182355469,9071715611867168.0,24.010943252042125,1.4159350528787546e-17,202001,1.4401283621570382e-17
274,274,274,137,137,10277.093261984195,2.962459769099985,0.9109982343255324,1.0070587303868703,9171563610411208.0,24.01030170518425,1.4663550102398508e-17,201911,1.4372560763833373e-17
275,275,275,137,137,10277.200174781956,2.960099571656451,0.9109967475694386,1.0422893097358403,9172000871203300.0,24.010943252043944,1.412227883057241e-17,202001,1.4326422008786363e-17
276,276,276,138,138,10301.10356368938,3.0521467867360026,0.9106643410674444,1.0061097269385566,9267787986863098.0,24.01030170518425,1.4970214732525575e-17,201911,1.4252223617095677e-17
277,277,277,138,138,10301.211118034,2.94660814259033,0.9106628453898398,1.0428540653145455,9268198538164600.0,24.010943252043944,1.3901986472808963e-17,202001,1.4257292379322102e-17
278,278,278,139,139,10325.113865394564,3.03660633397407,0.910330447809357,1.0063621843007893,9350467073298034.0,24.010301705186066,1.4764005324735434e-17,201911,1.421889309810355e-17
279,279,279,139,139,10325.222061286044,3.019159415722237,0.9103289432102408,1.042776090238522,9350732415750666.0,24.010943252042125,1.4177466975920285e-17,202001,1.422136605679837e-17
280,280,280,140,140,10349.12416709975,2.8866552018717764,0.9099965545512692,1.0052714140224237,9394057025224522.0,24.010301705182428,1.3990106542014194e-17,201911,1.4160624754741573e-17
281,281,281,140,140,10349.233004538086,2.9370368740805866,0.9099950410306424,1.043319251560883,9394232437052168.0,24.010943252043944,1.3683825491103175e-17,202001,1.418379263874554e-17
282,282,282,141,141,10373.134468804932,2.936788815653423,0.9097530303119508,1.0049045666237346,9425027238694860.0,24.01030170518425,1.4195286283519485e-17,201911,1.4104928263740983e-17
283,283,283,141,141,10373.24394779013,2.968948687125672,0.9097519355220988,1.0437631227120407,9425120457561908.0,24.010943252042125,1.3779752794753494e-17,202001,1.413966098219474e-17
284,284,284,142,142,10397.144770510116,2.9381458624528003,0.9095129272948992,1.0046689452258235,9439891297656398.0,24.01030170518425,1.4186553074430568e-17,201911,1.408293635417848e-17
285,285,285,142,142,10397.254891042172,2.9815323231955064,0.9095118260895784,1.0444411407670295,9439980214904152.0,24.010943252043944,1.3995395779773745e-17,202001,1.4116991711392104e-17
286,286,286,143,143,10421.1550722153,2.9845571405351814,0.9092728242778472,1.004624345193554,9464818836887584.0,24.010301705182428,1.437712555461604e-17,201911,1.407603373633165e-17
287,287,287,143,143,10421.265834294216,3.0252159343744416,0.909271716657058,1.045447502498965,9465004010705520.0,24.010943252043944,1.410270660747547e-17,202001,1.413397406692325e-17
288,288,288,144,144,10445.165373920483,2.9795935319886424,0.9090327212607952,1.0047085730873042,9512365513135952.0,24.01030170518425,1.4284046375800265e-17,201911,1.4102038432138316e-17
289,289,289,144,144,10445.27677754626,3.106412503603152,0.9090316072245376,1.0459546605321082,9512559175863614.0,24.010943252042125,1.4140034416556586e-17,202001,1.4110993821568496e-17
290,290,290,145,145,10469.175675625667,3.0472912636787672,0.9087926182437436,1.0050425845348478,9548653709358986.0,24.01030170518425,1.4552075905270154e-17,201911,1.4076177035071437e-17
291,291,291,145,145,10469.287720798302,2.9708198868310363,0.9087914977920172,1.046143644819662,9548761745573040.0,24.010943252042125,1.3539568816349204e-17,202001,1.4075512098372603e-17
292,292,292,146,146,10493.185977330852,3.0032199748114885,0.9085525152266916,1.005427971858324,9561148299038704.0,24.010301705182428,1.432116912761077e-17,201911,1.4026247705026765e-17
293,293,293,146,146,10493.298664050344,3.02363129370623,0.9085513883594968,1.0458128096012167,9561158220747090.0,24.010943252043944,1.3843994300885167e-17,202001,1.4018517464122902e-17
294,294,294,147,147,10517.196279036034,2.9073364544035285,0.9083124122096398,1.0052864564672823,9555150051702672.0,24.01030170518425,1.3878262078485495e-17,201911,1.3938636507223568e-17
295,295,295,147,147,10517.309607302388,2.9992037832306546,0.908311278926976,1.0453597910618304,9555106001624280.0,24.010943252043944,1.3803568422962895e-17,202001,1.392545847419934e-17
296,296,296,148,148,10541.206580741218,2.9253857819722544,0.908072309192588,1.004845642080977,9545695792194788.0,24.01030170518425,1.398808147608659e-17,201911,1.3828421127274495e-17
297,297,297,148,148,10541.320550554432,3.0222095894626904,0.9080711694944558,1.0449172447268875,9545702889895786.0,24.010943252043944,1.3835217227811832e-17,202001,1.387197485820858e-17
298,298,298,149,149,10565.216882446402,2.934985495492976,0.9078322061755362,1.0054717173413468,9553377586519256.0,24.010301705186066,1.4017673957532985e-17,201911,1.379425073802311e-17
299,299,299,149,149,10565.331493806476,2.9437119638976985,0.9078310600619354,1.043920043765938,9553421396951106.0,24.010943252042125,1.3405355849907587e-17,202001,1.3798256184202436e-17
300,300,300,150,150,10589.227184151589,2.9364380289332837,0.9075921031584842,1.006251122739678,9568654492413802.0,24.01030170518425,1.3995076053290087e-17,201911,1.3772818684195843e-17
301,301,301,150,150,10589.342437058518,2.9238001013103068,0.9075909506294152,1.0413321339310286,9568805345939074.0,24.010943252040306,1.3484665089096842e-17,202001,1.3789864649821222e-17
302,302,302,151,151,10613.237485856773,2.9547430008234508,0.9073520001414324,1.0061058045474849,9616037348701182.0,24.010301705182428,1.4018659856624147e-17,201911,1.370046460017006e-17
303,303,303,151,151,10613.353380310558,2.916589154059524,0.9073508411968944,1.0404110653814866,9616378814042896.0,24.01094325204577,1.3466203805570605e-17,202001,1.3708294982966723e-17
304,304,304,152,152,10637.247787561955,2.9532964835511732,0.9071118971243806,1.006037586238151,9704942319043976.0,24.010301705182428,1.3888054208857744e-17,201911,1.363206111279147e-17
305,305,305,152,152,10637.364323562604,2.96571025856274,0.9071107317643742,1.0399115428106025,9705430574656936.0,24.010943252043944,1.3598449578412985e-17,202001,1.3697451026118681e-17
306,306,306,153,153,10661.258089267138,3.0059275319489087,0.9068717941073288,1.005617137995631,9811858429000248.0,24.01030170518425,1.3991074044842055e-17,201911,1.3645403415752443e-17
307,307,307,153,153,10661.375266814648,2.9212363947470155,0.9068706223318536,1.038765494731079,9812328989941896.0,24.010943252043944,1.3004680929923825e-17,202001,1.3707278587124737e-17
308,308,308,154,154,10685.268390972322,3.0147559613662365,0.9066316910902767,1.0051374558528507,9897301389589088.0,24.010301705182428,1.3921351438575113e-17,201911,1.3625388547142336e-17
309,309,309,154,154,10685.386210066692,2.9880531646097275,0.9066305128993332,1.0371492494877954,9897605513112542.0,24.010943252042125,1.3179101385605184e-17,202001,1.3675517717841626e-17
310,310,310,155,155,10709.278692677504,3.073636497164028,0.9063915880732252,1.0059307748510162,9940160293045098.0,24.01030170518425,1.4124644896506944e-17,201911,1.3632819470039817e-17
311,311,311,155,155,10709.397153318734,3.0071520651906707,0.9063904034668128,1.0364528685429504,9940285199659474.0,24.010943252042125,1.3422552339261462e-17,202001,1.369216603972518e-17
312,312,312,156,156,10733.288994382689,3.0847483805227003,0.9061514850561732,1.0055191297079025,9954179160564286.0,24.01030170518425,1.4165291974192065e-17,201911,1.3627130327325278e-17
313,313,313,156,156,10733.408096570776,2.9537965728616102,0.9061502940342924,1.0354592925574342,9954270214684770.0,24.010943252043944,1.3117869416817724e-17,202001,1.3747526418890837e-17
314,314,314,157,157,10757.299296087873,3.0576353879544036,0.9059113820391212,1.005421222403771,9974241671561034.0,24.010301705182428,1.401762468326281e-17,201911,1.3675306056141436e-17
315,315,315,157,157,10757.41903982282,3.0170404615025515,0.905910184601772,1.0345355496826392,9974363431003020.0,24.010943252043944,1.3418373483037835e-17,202001,1.3729619016481951e-17
316,316,316,158,158,10781.309597793055,3.1160422456401635,0.9056712790220696,1.005523895340226,9999756134481058.0,24.01030170518425,1.4251261844951984e-17,201911,1.3636505081779402e-17
317,317,317,158,158,10781.429983074864,2.994292609916746,0.9056700751692516,1.0334561724061984,9999856183820202.0,24.010943252043944,1.3275681208443142e-17,202001,1.3665438142705136e-17
318,318,318,159,159,10805.31989949824,3.1381057672205777,0.9054311760050175,1.0056681004011032,1.0017118432888902e+16,24.01030170518425,1.432903793714497e-17,201911,1.357409655130575e-17
319,319,319,159,159,10805.440926326908,2.969293967734933,0.9054299657367312,1.0324893407364444,1.0017210048744178e+16,24.010943252042125,1.3126927448331711e-17,202001,1.3644488375411276e-17
320,320,320,160,160,10829.330201203424,3.023987457441128,0.905191072987966,1.00613705259259,1.0037941978890662e+16,24.01030170518425,1.3776543949350847e-17,201911,1.3566994866451447e-17
321,321,321,160,160,10829.45186957895,2.9659439709541213,0.9051898563042108,1.0315432617950775,1.003809626523077e+16,24.010943252042125,1.3100391614778894e-17,202001,1.3613652490742618e-17
322,322,322,161,161,10853.340502908608,3.0278080238137166,0.905064233897659,1.006184658956252,1.0077692427218944e+16,24.010301705182428,1.3740816009444534e-17,201911,1.3461567610339136e-17
323,323,323,161,161,10853.462812830992,2.9815073028209227,0.905067157869241,1.0305898841715757,1.007796335952184e+16,24.010943252043944,1.316053446879881e-17,202001,1.3485353124868149e-17
324,324,324,162,162,10877.35080461379,3.0824224763709984,0.9056382301727988,1.0063633845592923,1.0139454379314422e+16,24.010301705186066,1.389217948197851e-17,201911,1.3369921137529703e-17
325,325,325,162,162,10877.473756083036,3.013900840605082,0.9056411694813604,1.0295979720794242,1.0139767394312156e+16,24.010943252043944,1.3165196084704715e-17,202001,1.340788299841257e-17
326,326,326,163,163,10901.361106318976,3.1114547942046165,0.9062122264479382,1.0065166838189912,1.019797063681762e+16,24.01030170518425,1.3931607350240698e-17,201911,1.3341876565651705e-17
327,327,327,163,163,10901.48469933508,2.921250509370687,0.9062151810934794,1.02900846403223,1.019820446653496e+16,24.010943252043944,1.2578328160513692e-17,202001,1.3367271962445444e-17
328,328,328,164,164,10925.37140802416,3.0369182004858057,0.9067862227230776,1.0069700945654427,1.0232487814941548e+16,24.01030170518425,1.3537321868262287e-17,201911,1.328963585151841e-17
329,329,329,164,164,10925.495642587124,3.0148657659429947,0.9067891927055984,1.0289997663473434,1.02326030689527e+16,24.010943252042125,1.3059286076422039e-17,202001,1.3303062736943695e-17
330,330,330,165,165,10949.381709729345,3.0472880060170264,0.9073602189982172,1.0080603923769325,1.0244396228782418e+16,24.010301705182428,1.3544507918043254e-17,201911,1.3251919510116496e-17
331,331,331,165,165,10949.506585839166,3.005616816678052,0.9073632043177178,1.0284158164602386,1.024442063219817e+16,24.010943252042125,1.3050473188981344e-17,202001,1.3262102947188475e-17
332,332,332,166,166,10973.392011434527,3.013610932733548,0.9079342152733568,1.0087362742325523,1.0242591172746414e+16,24.010301705182428,1.3379740979510022e-17,201911,1.3204428187783111e-17
333,333,333,166,166,10973.517529091208,2.9763643102079085,0.9079372159298368,1.0287755973313626,1.0242564487582004e+16,24.010943252043944,1.2886818789247155e-17,202001,1.3242745103119613e-17
334,334,334,167,167,10997.40231313971,2.998801411730497,0.9085082115484964,1.0090975537217182,1.0236883813982236e+16,24.010301705186066,1.3308230208476954e-17,201911,1.3218956827677185e-17
335,335,335,167,167,10997.528472343252,3.0849255506669344,0.908511227541956,1.0289721104240703,1.023689492190013e+16,24.010943252043944,1.3329603986879302e-17,202001,1.3210991401128062e-17
336,336,336,168,168,11021.412614844896,2.9962399299730507,0.9090822078236359,1.0090975537217182,1.0245560144277312e+16,24.010301705182428,1.3277213892496507e-17,201911,1.3167552082587291e-17
337,337,337,168,168,11021.539415595296,3.0819303207318254,0.9090852391540752,1.0289721104240703,1.0245651365627556e+16,24.010943252042125,1.3297184996781699e-17,202001,1.3190375373912412e-17
338,338,338,169,169,11045.422916550078,2.9423626041566138,0.9096562040987752,1.0090975537217182,1.026953997123359e+16,24.010301705180613,1.2999814229215212e-17,201911,1.3167426508165918e-17
339,339,339,169,169,11045.550358847338,3.0941057841942383,0.9096592507661944,1.0289721104240703,1.026968570596641e+16,24.010943252042125,1.327565083839557e-17,202001,1.3213340621838004e-17
340,340,340,170,170,11069.433218255259,2.945991005154447,0.9102302003739148,1.0090975537217182,1.029801771211255e+16,24.010301705186066,1.2971666384381679e-17,201911,1.3184030721731216e-17
341,341,341,170,170,11069.56130209938,3.097598937075444,0.9102332623783134,1.0289721104240703,1.029813433668794e+16,24.010943252042125,1.3066675414094792e-17,202001,1.3172573402605489e-17
342,342,342,171,171,11093.443519960445,3.027376347470792,0.9108041966490544,1.0090975537217182,1.0313570494302046e+16,24.01030170518425,1.3301529393557647e-17,201911,1.313720870084212e-17
343,343,343,171,171,11093.572245351423,3.09144442254866,0.9108072739904324,1.0289721104240703,1.03135997964833e+16,24.010943252043944,1.3127303456298611e-17,202001,1.309520082599523e-17
344,344,344,172,172,11117.45382166563,3.04913373959564,0.9113781929241941,1.0090975537217182,1.0311116990002244e+16,24.01030170518425,1.3391874039640092e-17,201911,1.3096701007578648e-17
345,345,345,172,172,11117.583188603467,3.0492943650187945,0.9113812856025518,1.0289721104240703,1.0311077818315156e+16,24.01094325204577,1.2985821307302284e-17,202001,1.3056482389865303e-17
346,346,346,173,173,11141.464123370813,3.004912604651396,0.9119521891993336,1.0090975537217182,1.0300006955583112e+16,24.01030170518425,1.3203573476496314e-17,201911,1.298849781065709e-17
347,347,347,173,173,11141.594131855512,3.030113195771704,0.911955297214671,1.0289721104240703,1.0299948604644258e+16,24.010943252043944,1.2888202173099414e-17,202001,1.29799361391397e-17
348,348,348,174,174,11165.474425075998,2.9200649438282453,0.9125261854744732,1.0090975537217182,1.0290043307969876e+16,24.010301705180613,1.2835098373465944e-17,201911,1.2905938288303651e-17
349,349,349,174,174,11165.605075107556,3.0431510192347275,0.9125293088267904,1.0289721104240703,1.0290012445401174e+16,24.010943252040306,1.3016316226632807e-17,202001,1.2882270956674388e-17
350,350,350,175,175,11189.484726781178,2.921141908401823,0.9131001817496128,1.0090975537217182,1.0288852345890486e+16,24.010301705186066,1.2833246043548755e-17,201911,1.2830777219305977e-17
351,351,351,175,175,11189.616018359597,2.8571360916334507,0.9131033204389092,1.0289721104240703,1.0288885051686548e+16,24.010943252043944,1.2223836013091354e-17,202001,1.2812780509327915e-17
352,352,352,176,176,11213.495028486364,2.9580359000673813,0.9136741780247524,1.0090975537217182,1.0300486536944966e+16,24.01030170518425,1.2972497027403485e-17,201911,1.277257610818877e-17
353,353,353,176,176,11213.62696161164,2.9337717730485915,0.9136773320510284,1.0289721104240703,1.030056799266085e+16,24.010943252043944,1.2487553034361127e-17,202001,1.2779580117283869e-17
354,354,354,177,177,11237.505330191549,2.9405571638619974,0.9142481742998918,1.0090975537217182,1.0317125380179646e+16,24.010301705182428,1.2866962808376712e-17,201911,1.2749524464687102e-17
355,355,355,177,177,11237.637904863685,3.0222710437505373,0.9142513436631476,1.0289721104240703,1.0317199402684188e+16,24.010943252042125,1.2825442928587572e-17,202001,1.2766861829228086e-17
356,356,356,178,178,11261.515631896731,2.927018652304136,0.9148221705750312,1.0090975537217182,1.0326668841705524e+16,24.010301705186066,1.27878574975436e-17,201911,1.2752009711262234e-17
357,357,357,178,178,11261.648848115727,2.977254990277661,0.9148253552752668,1.0289721104240703,1.0326676279776474e+16,24.010943252043944,1.2761325063965727e-17,202001,1.2837494241449988e-17
358,358,358,179,179,11285.525933601917,2.968730666220824,0.9153961668501712,1.0090975537217182,1.0324051634329942e+16,24.010301705182428,1.2965246273145494e-17,201911,1.2821964608808825e-17
359,359,359,179,179,11285.65979136777,2.921922173462822,0.915399366887386,1.0289721104240703,1.0324059108221388e+16,24.010943252042125,1.2504486194901495e-17,202001,1.2843934675179505e-17
360,360,360,180,180,11309.5362353071,3.027430599944944,0.9159701631253104,1.0090975537217182,1.032897021311619e+16,24.010301705186066,1.3207027236583652e-17,201911,1.2820746953688198e-17
361,361,361,180,180,11309.670734619813,2.9567395341267724,0.9159733784995048,1.0289721104240703,1.0329036500765838e+16,24.010943252042125,1.2669872745924371e-17,202001,1.2841961675158166e-17
362,362,362,181,181,11333.546537012286,3.0174135904050576,0.91654415940045,1.0090975537217182,1.0321844977823418e+16,24.010301705182428,1.3164165845156654e-17,201911,1.282105341092381e-17
363,363,363,181,181,11333.681677871855,2.9895845770951066,0.916547390111624,1.0289721104240703,1.0321353067150976e+16,24.010943252043944,1.2801671068350695e-17,202001,1.2859325154399208e-17
364,364,364,182,182,11357.556838717468,2.8585980555317683,0.9147466153697644,1.0090975537217182,1.0132569497158248e+16,24.010301705180613,1.2729223764438594e-17,201911,1.2831960939428666e-17
365,365,365,182,182,11357.692621123899,2.8962284672619267,0.9147475134101456,1.0289721104240703,1.0130441032321776e+16,24.01094325204577,1.2611897871972332e-17,202001,1.2915112698569427e-17
366,366,366,183,183,11381.567140422649,2.7704796494312123,0.9147466153697644,1.0090975537217182,9572380429080978.0,24.010301705187892,1.3058804864757242e-17,201911,1.2855282979252148e-17
367,367,367,183,183,11381.703564375945,2.707934079230504,0.9147475134101456,1.0289721104240703,9567954704833254.0,24.010943252043944,1.2557866590965665e-17,202001,1.2991239792095608e-17
368,368,368,184,184,11405.577442127837,2.5093518477312924,0.9147466153697644,1.0090975537217182,8588915259917922.0,24.01030170517879,1.3182314242195114e-17,201911,1.2919112926811866e-17
369,369,369,184,184,11405.714507627988,2.4579358900439914,0.9147475134101456,1.0289721104240703,8582257449547080.0,24.010943252038487,1.2664239908469544e-17,202001,1.3015716714644075e-17
370,370,370,185,185,11429.587743833015,2.162036564151183,0.9147466153697644,1.0090975537217182,7269528869309149.0,24.010301705186066,1.3419155545449862e-17,201911,1.2930415818627791e-17
371,371,371,185,185,11429.725450880027,2.0509044362204847,0.9147475134101456,1.0289721104240703,7261603328118526.0,24.01094325204577,1.254890032409359e-17,202001,1.3061216827713905e-17
372,372,372,186,186,11453.598045538201,1.8351865949593504,0.9147466153697644,1.0090975537217182,5845475905869680.0,24.01030170518425,1.4165397687202416e-17,201911,1.2924268202677481e-17
373,373,373,186,186,11453.736394132073,1.61667603863706,0.9147475134101456,1.0289721104240703,5837619135127728.0,24.010943252043944,1.2370770327035494e-17,202001,1.3026980746204748e-17
374,374,374,187,187,11477.608347243386,1.3999314529426568,0.9147466153697644,1.0090975537217182,4555927906812319.0,24.01030170518425,1.3864312734504974e-17,201911,1.2929064146355274e-17
375,375,375,187,187,11477.747337384117,1.2195205380110337,0.9147475134101456,1.0289721104240703,4549396886621831.0,24.010943252042125,1.1790913908259474e-17,202001,1.2888807310648929e-17
376,376,376,188,188,11501.61864894857,1.1143240236334828,0.9147466153697644,1.0090975537217182,3578340577053435.5,24.01030170518425,1.4050708971919595e-17,201911,1.2747568515471244e-17
377,377,377,188,188,11501.758280636159,0.9178661622438627,0.9147475134101456,1.0289721104240703,3573621056451690.5,24.010943252043944,1.1552369989356585e-17,202001,1.278433531437005e-17
378,378,378,189,189,11525.628950653754,0.8818520489790036,0.9147466153697644,1.0090975537217182,2906922968866850.0,24.010301705180613,1.3687704569765607e-17,201911,1.2641733663370375e-17
379,379,379,189,189,11525.769223888203,0.7677525427022777,0.9147475134101456,1.0289721104240703,2903455383490830.5,24.010943252042125,1.2105231643850894e-17,202001,1.27468982717475e-17
380,380,380,190,190,11549.639252358935,0.6441671116971126,0.9147466153697644,1.0090975537217182,2378184173109631.0,24.010301705186066,1.2221414715699735e-17,201911,1.2727963133501139e-17
381,381,381,190,190,11549.780167140245,0.637962080471179,0.9147475134101456,1.0289721104240703,2375045895580972.0,24.010943252042125,1.1865528798495315e-17,202001,1.2773687169669389e-17
382,382,382,191,191,11573.64955406412,0.5309064531513367,0.9147466153697644,1.0090975537217182,1849289148053119.5,24.01030170518425,1.2953335111980485e-17,201911,1.2446486778047451e-17
383,383,383,191,191,11573.791110392287,0.5430806877781963,0.9147475134101456,1.0289721104240703,1846136563796982.5,24.010943252043944,1.2596779526205974e-17,202001,1.2369376212382933e-17
384,384,384,192,192,11597.659855769305,0.39682583258087145,0.9147466153697644,1.0090975537217182,1323573948729566.8,24.010301705182428,1.3527581019183874e-17,201911,1.174253887063284e-17
385,385,385,192,192,11597.802053644331,0.4041851988251429,0.9147475134101456,1.0289721104240703,1320683816056962.0,24.01094325204577,1.3656026213795004e-17,202001,1.1404586142449924e-17
386,386,386,193,193,11621.670157474487,0.23991973250295995,0.9147466153697644,1.0090975537217182,880532675664543.2,24.010301705186066,1.2293878306110215e-17,201911,1.0818005775739418e-17
387,387,387,193,193,11621.812996896377,0.1984034040630691,0.9147475134101456,1.0289721104240703,878344114886926.9,24.010943252043944,1.0451504664078303e-17,202001,1.0534601507606974e-17
388,388,388,194,194,11645.680459179674,0.13762787831662004,0.9147466153697644,1.0090975537217182,580126218666464.1,24.010301705182428,1.0704153767046866e-17,201911,1.025572449188568e-17
389,389,389,194,194,11645.82394014842,0.0960741129821775,0.9147475134101456,1.0289721104240703,578692252580752.9,24.010943252038487,6.792493810514596e-18,202001,9.775651060415548e-18
390,390,390,195,195,11669.690760884856,0.07345688995211798,0.9147466153697644,1.0090975537217182,395144000966186.9,24.010301705186066,8.387751633838817e-18,201911,1.056382336124966e-17
391,391,391,195,195,11669.83488340046,0.0442215517711283,0.9147475134101456,1.0289721104240703,394232825935290.2,24.01094325204577,5.769030681884172e-18,202001,9.142311021778518e-18
392,392,392,196,196,11693.701062590042,0.052751694720398534,0.9147466153697644,1.0090975537217182,272077104364251.6,24.010301705182428,8.748081849038426e-18,201911,1.016587542389582e-17
393,393,393,196,196,11693.845826652505,0.0405673328833831,0.9147475134101456,1.0289721104240703,271354503822124.1,24.010943252043944,9.885687939046243e-18,202001,9.406561579757679e-18
394,394,394,197,197,11717.711364295224,0.026847841976013642,0.9147466153697644,1.0090975537217182,165579199811979.12,24.010301705182428,7.315971780034517e-18,201911,1.0479254691157316e-17
395,395,395,197,197,11717.856769904549,0.07172246496304457,0.9147475134101456,1.0289721104240703,165068190152970.47,24.010943252042125,2.2197476328359126e-17,202001,7.415140834434382e-18
396,396,396,198,198,11741.721666000407,-0.004366128966765581,0.9147466153697644,1.0090975537217182,99464044650178.16,24.01030170518425,-1.9806095203875717e-18,201911,8.821009697309853e-18
397,397,397,198,198,11741.867713156591,0.048408309647228635,0.9147475134101456,1.0289721104240703,99135640574911.88,24.010943252043944,2.3553086729400523e-17,202001,5.72947567949333e-18
398,398,398,199,199,11765.731967705591,0.0028070198605048,0.9147466153697644,1.0090975537217182,60337960680576.57,24.010301705182428,2.0990523785587744e-18,201911,4.565640928299568e-18
399,399,399,199,199,11765.878656408635,0.03628087327214802,0.9147475134101456,1.0289721104240703,60199354349964.1,24.010943252042125,2.2503777992442867e-17,202001,5.5514169328640024e-18
400,400,400,200,200,11789.742269410774,-0.030413481843993617,0.9147466153697644,1.0090975537217182,50988982381407.92,24.01030170518425,-2.691275861343769e-17,201911,3.146016164535644e-18
401,401,401,200,200,11789.889599660677,0.032550002811221,0.9147475134101456,1.0289721104240703,50964483838637.33,24.010943252042125,2.3852309125469024e-17,202001,1.738312524201978e-18
402,402,402,201,201,11813.752571115958,-0.032809560712187665,0.9147466153697644,1.0090975537217182,52424863289362.42,24.01030170518425,-2.8237843514097584e-17,201911,8.16732091970682e-20
403,403,403,201,201,11813.90054291272,-0.007067334152848549,0.9147475134101456,1.0289721104240703,52436972571019.45,24.010943252043944,-4.054100414092976e-18,202001,-1.6834756555082251e-18
404,404,404,202,202,11837.762872821142,0.024902247210846884,0.9147466153697644,1.0090975537217182,54203073591566.68,24.01030170518425,2.0729223989255024e-17,201911,-5.165028372394133e-18
405,405,405,202,202,11837.911486164763,-0.031782556248754916,0.9147475134101456,1.0289721104240703,54185582964629.3,24.01094325204577,-1.9143436671577423e-17,202001,-5.342544355438349e-18
406,406,406,203,203,11861.773174526326,0.0071063546906141575,0.9147466153697644,1.0090975537217182,47765652228728.7,24.010301705182428,6.712736284688797e-18,201911,-5.194582665483493e-18
407,407,407,203,203,11861.922429416809,-0.028291370320826962,0.9147475134101456,1.0289721104240703,47705309497878.12,24.010943252043944,-2.0203641985441588e-17,202001,-1.2650563997594195e-17
408,408,408,204,204,11885.783476231509,0.0032868573005383483,0.9147466153697644,1.0090975537217182,35852675527397.945,24.010301705182428,4.136449217642301e-18,201911,-8.479005678472799e-18
409,409,409,204,204,11885.933372668853,-0.02515137495991504,0.9147475134101456,1.0289721104240703,35783260778276.26,24.010943252038487,-3.6198027507186226e-17,202001,-2.2723984827000418e-17
410,410,410,205,205,11909.793777936691,0.011648820767853896,0.9147466153697644,1.0090975537217182,25574977642030.82,24.01030170518425,2.0551102178956505e-17,201911,-1.7714869194754448e-17
411,411,411,205,205,11909.944315920891,-0.003664414286045914,0.9147475134101456,1.0289721104240703,25526285492952.93,24.01094325204577,-2.528518002393429e-17,202001,-3.005445482306042e-17
412,412,412,206,206,11933.804079641875,-0.025269970331022632,0.9147466153697644,1.0090975537217182,19603008391213.047,24.01030170518425,-5.81634855277487e-17,201911,-3.00700819082238e-17
413,413,413,206,206,11933.955259172937,0.028557998562963705,0.9147475134101456,1.0289721104240703,19570307268609.574,24.010943252043944,1.764929799623777e-17,202001,-3.530904334804391e-17
414,414,414,207,207,11957.81438134706,-0.05339195032607902,0.9147466153697644,1.0090975537217182,14986363827598.588,24.01030170518425,-1.607488710478968e-16,201911,-2.1124697348032834e-17
415,415,415,207,207,11957.966202424981,0.02245611493751698,0.9147475134101456,1.0289721104240703,14953724839482.56,24.010943252042125,7.582949594396072e-17,202001,-4.5313633871216726e-17
416,416,416,208,208,11981.824683052244,-0.034350503445066516,0.9147466153697644,1.0090975537217182,10007125105649.592,24.010301705186066,-1.5487887858294312e-16,201911,-3.225907077059452e-17
417,417,417,208,208,11981.977145677023,-0.00800588898440868,0.9147475134101456,1.0289721104240703,9983471579782.566,24.010943252043944,6.540838347891557e-18,202001,-4.8640003014164746e-17
418,418,418,209,209,12005.83498475743,-0.012578031345091056,0.9147466153697644,1.0090975537217182,7291580670649.1,24.010301705182428,-7.783221782346277e-17,201911,-4.51808259572185e-17
419,419,419,209,209,12005.988088929067,0.017483165958259383,0.9147475134101456,1.0289721104240703,7279846461843.537,24.010943252042125,1.6016425521776419e-16,202001,-8.077833020918312e-17
420,420,420,210,210,12029.845286462612,-0.04240696915722497,0.9147466153697644,1.0090975537217182,6329967975414.237,24.010301705182428,-3.0227632926220913e-16,201911,-5.4479756557207e-17
421,421,421,210,210,12029.99903218111,0.006460263255511745,0.9147475134101456,1.0289721104240703,6328145611561.099,24.010943252042125,1.6415129628580088e-16,202001,-0.00012648866412385794
422,422,422,211,211,12053.855588167795,-0.02893027151708772,0.9147466153697644,1.0090975537217182,6352739101846.473,24.010301705186066,-2.0547543470320686e-16,201911,-0.0002399125312432398
423,423,423,211,211,12054.009975433151,-0.007506632061982544,0.9147475134101456,1.0289721104240703,6348217278394.122,24.010943252043944,-2.0112537901340006e-17,202001,-0.00027699168276387097
424,424,424,212,212,12077.865889872981,-0.03660571258697309,0.9147466153697644,1.0090975537217182,4417075425094.123,24.010301705182428,-3.7392324877537295e-16,201911,-0.0004243139027104145
425,425,425,212,212,12078.020918685195,0.02118623214200732,0.9147475134101456,1.0289721104240703,4386264747950.377,24.01094325204577,1.285354391238405e-16,202001,-0.00039224784967953384
426,426,426,213,213,12101.876191578163,-0.0308372664231239,0.9147466153697644,1.0090975537217182,1.0,24.01030170518425,-0.0013913753053617626,201911,-0.00023908134440759135
427,427,427,213,213,12102.031861937241,-0.02067802111616046,0.9147475134101456,1.0289721104240703,1.0,24.010943252043944,-0.0012476625383133553,202001,-0.00024871781998835193
428,428,428,214,214,12125.886493283348,-0.009039700767698,0.9147466153697644,1.0090975537217182,1.0,24.010301705182428,-0.0004078706667269363,201911,-2.829331173687062e-05
429,429,429,214,214,12126.042805189285,-0.015932038206420973,0.9147475134101456,1.0289721104240703,1.0,24.010943252038487,-0.0016205444194120572,202001,-0.0030171000899285568
430,430,430,215,215,12149.89679498853,0.007817533905520202,0.9147466153697644,1.0090975537217182,1.0,24.01030170518425,0.0003527265833398477,201911,inf
431,431,431,215,215,12150.053748441323,0.05595303381083205,0.9147475134101456,1.0289721104240703,1.0,24.01094325204577,0.0016848315579910654,202001,inf
432,432,432,216,216,12173.907096693714,-0.002349321711331731,0.9147466153697644,1.0090975537217182,1.0,24.01030170518425,-0.00010600123138820252,201911,inf
433,433,433,216,216,12174.06469169337,0.057053239018240665,0.9147475134101456,1.0289721104240703,1.0,24.010943252043944,0.0024246695907660905,202001,inf
434,434,434,217,217,12197.917398398899,-0.06018809142883064,0.9147466153697644,1.0090975537217182,0.08260160110148718,24.010301705186066,-0.03287687456010858,201911,inf
435,435,435,217,217,12198.075634945413,0.04950141280398723,0.9147475134101456,1.0289721104240703,0.0,24.010943252042125,inf,202001,inf
436,436,436,218,218,12221.927700104085,-0.028717705205319355,0.9147466153697644,1.0090975537217182,1.0,24.010301705182428,-0.001295740851380417,201911,inf
437,437,437,218,218,12222.086578197455,0.052120165546337686,0.9147475134101456,1.0289721104240703,1.0,24.010943252043944,0.0031521817019255264,202001,inf
438,438,438,219,219,12245.938001809267,0.015618939639407081,0.9147466153697644,1.0090975537217182,1.0,24.01030170518425,0.0007047254647030242,201911,inf
439,439,439,219,219,12246.0975214495,-0.027947744385261264,0.9147475134101456,1.0289721104240703,1.0,24.010943252042125,-0.0013790487732381286,202001,inf
440,440,440,220,220,12269.948303514453,-0.006407094520535228,0.9147466153697644,1.0090975537217182,1.0,24.010301705182428,-0.00028908765688476256,201911,inf
441,441,441,220,220,12270.108464701541,0.00306242919830646,0.9147475134101456,1.0289721104240703,1.0,24.010943252042125,0.0004963247975358895,202001,7.912988578154991e-05
442,442,442,221,221,12293.958605219634,-0.02435047456498529,0.9147466153697644,1.0090975537217182,1.0,24.010301705182428,-0.0010986917101756062,201911,0.000250178533691942
443,443,443,221,221,12294.119407953584,0.06258883574925089,0.9147475134101456,1.0289721104240703,1.0,24.01094325204577,0.00244578387256545,202001,-3.144636768935441e-06
444,444,444,222,222,12317.968906924816,-0.04814670707011237,0.9147466153697644,1.0090975537217182,1.0,24.01030170518425,-0.002172376057354004,201911,9.020980762344729e-05
445,445,445,222,222,12318.13035120563,0.0036435602285097572,0.9147475134101456,1.0289721104240703,1.0,24.010943252042125,3.9687291455656973e-05,202001,9.020980762344727e-05
446,446,446,223,223,12341.97920863,0.005910263244585434,0.9147466153697644,1.0090975537217182,1.0,24.010301705182428,0.0002666706644444209,201911,9.020980762344727e-05
447,447,447,223,223,12342.141294457671,-0.01059686080385891,0.9147475134101456,1.0289721104240703,1.0,24.01094325204577,0.0005857942756338956,202001,9.020980762344727e-05
448,448,448,224,224,12365.989510335183,0.008103444000871929,0.9147466153697644,1.0090975537217182,1.0,24.010301705182428,0.0003656268268558738,201911,9.020980762344727e-05
449,449,449,224,224,12366.152237709717,0.033191892968459924,0.9147475134101456,1.0289721104240703,1.0,24.01094325204577,0.0017316243530192347,202001,9.020980762344727e-05
